topic,termWordsStr,termWeightsStr
0,"would,said,could,one,mr.,upon,little,much,must,us","0.002618319289777542,0.002392311673870653,0.002391052482239885,0.002280253842915317,0.0017367949055086707,0.0017189087496751944,0.001177744886876482,0.0011272432242731072,0.0010590839019952955,0.001046156445757561"
