topic,termWordsStr,termWeightsStr
2,"і,що,з,та,як,ilse,й,onnen,не,на","7.253531012160192E-4,2.966806788652124E-4,2.935922730509306E-4,2.57102759839762E-4,2.301566174345276E-4,1.940356291537691E-4,1.7557924160672812E-4,1.6383001476750063E-4,1.4151319670429317E-4,1.3750405908947335E-4"
